,outside,ultrasound,macro-examination,fetal heart rate,ask for advice,routine check-up
1,0.01391678622668581,0.0,0.0,0.0,3.213753191511794e-18,9.888471358497818e-19
2,0.01391678622668581,0.0050491895169597276,0.0006704344318639303,0.002860889700532672,0.0004367259105014636,0.004882215275920523
3,0.01391678622668581,0.009308723290687496,0.0013163674595668118,0.005875485082999318,0.001269773829349823,0.009979965244382959
4,0.01391678622668581,0.012902097615137961,0.0019386945007323995,0.008991793456985323,0.0024627459535518834,0.015230610724759673
5,0.01391678622668581,0.015933494881022175,0.002538278249442742,0.012167253361105164,0.003983037261310636,0.020581580633839327
6,0.01391678622668581,0.018490804126842435,0.0031159498721384546,0.01536719913679958,0.005801276965656031,0.02598887024330648
7,0.01391678622668581,0.02064816919817702,0.0036725101598141475,0.018563568442591345,0.00789086470037741,0.03141576332895628
8,0.01391678622668581,0.022468138393776454,0.0042087306381062145,0.02173381458398658,0.010227585300641802,0.03683174441014178
9,0.01391678622668581,0.02400347792297436,0.0047253546368118465,0.02485999150272545,0.012789288723054492,0.042211572441490555
10,0.01391678622668581,0.025298701751826715,0.005223098320321864,0.02792798430388876,0.015555623896051725,0.04753449168692818
11,0.01391678622668581,0.02639136219267616,0.005702651680395803,0.030926862446493984,0.01850781717130608,0.05278355920176996
12,0.01391678622668581,0.027313138655092835,0.006164679492655477,0.0338483363058655,0.0216284876190782,0.05794507147618174
13,0.01391678622668581,0.02809075612425357,0.006609822238122942,0.03668630083816967,0.024901492724621745,0.06300807544058001
14,0.01391678622668581,0.02874675999612354,0.0070386969910803355,0.03943645262674277,0.028311799140434062,0.06796395127479737
15,0.01391678622668581,0.029300169734169747,0.007451898274482377,0.042095968740172546,0.03184537406530871,0.07280605636080581
16,0.01391678622668581,0.029767030299018782,0.007849998884107342,0.044663237645918466,0.03548909358517719,0.0775294213264547
17,0.01391678622668581,0.030160877338611284,0.008233550682588964,0.04713763395320855,0.03923066494732002,0.08213049048981579
18,0.01391678622668581,0.030493129626070897,0.00860308536443001,0.04951933004943761,0.0430585602694261,0.0866069001681571
19,0.01391678622668581,0.03077342012320492,0.008959115193057985,0.051809138782771186,0.0469619596256035,0.09095728929426146
20,0.01391678622668581,0.031009875268132057,0.009302133710944727,0.0540083822617341,0.05093070181741623,0.09518113761277966
21,0.01391678622668581,0.031209350584399314,0.009632616423774288,0.056118782616888706,0.05495524144161287,0.0992786274333989
22,0.01391678622668581,0.031377629442582676,0.009951021459607513,0.058142371222776545,0.059026611117714,0.10325052551512133
23,0.01391678622668581,0.03151959073704959,0.010257790203957057,0.06008141342907763,0.06313638794666734,0.10709808216320645
24,0.01391678622668581,0.03163935033932097,0.010553347911653266,0.06193834631443953,0.06727666344359463,0.11082294505113961
25,0.01391678622668581,0.031740380429177914,0.010838104296349035,0.06371572736814357,0.07144001632929735,0.1144270856460227
26,0.01391678622668581,0.03182561016326948,0.01111245409848091,0.06541619233509761,0.07561948768173336,0.11791273642691405
27,0.01391678622668581,0.031897510599897864,0.011376777632473708,0.06704242073818087,0.07980855804436346,0.12128233735023439
28,0.01391678622668581,0.03195816634219782,0.011631441313947255,0.06859710782682187,0.08400112616664371,0.1245384902414718
29,0.01391678622668581,0.0320093359768549,0.01187679816765604,0.07008294189870165,0.0881914891159695,0.12768391998404677
30,0.01391678622668581,0.03205250306065698,0.012113188316865937,0.07150258610840896,0.092374323552534,0.13072144153940843
31,0.01391678622668581,0.03208891913312775,0.012340939454846385,0.07285866401759793,0.09654466800091269,0.13365393197151482
32,0.01391678622668581,0.032119640002303836,0.012560367299131603,0.0741537482598143,0.10069790598644218,0.13648430676743734
33,0.01391678622668581,0.03214555635568576,0.01277177602918059,0.07539035179312759,0.1048297499320647,0.1392154998470066
34,0.01391678622668581,0.03216741958386354,0.012975458708042583,0.07657092129795215,0.10893622573344053,0.1418504467407884
35,0.01391678622668581,0.032185863565519036,0.013171697688612519,0.07769783234842528,0.11301365794778889,0.1443920704894637
36,0.01391678622668581,0.03220142304541571,0.013360765005039655,0.07877338604551103,0.11705865554591358,0.1468432698807566
37,0.01391678622668581,0.032214549138207225,0.013542922749831952,0.07979980685036918,0.12106809818789022,0.1492069096940064
38,0.01391678622668581,0.032225622407565546,0.013718423437178955,0.08077924139894775,0.12503912299149528,0.15148581266866204
39,0.01391678622668581,0.032234963899830577,0.013887510352996839,0.08171375811447003,0.1289691117691075,0.15368275295253916
40,0.01391678622668581,0.03224284445207887,0.014050417892180856,0.08260534746454806,0.1328556787138934,0.15580045081959315
41,0.01391678622668581,0.032249492544479536,0.014207371883532712,0.0834559227349492,0.13669665851991228,0.15784156847605949
42,0.01391678622668581,0.03225510092460002,0.014358589902813279,0.0842673212133189,0.14049009492360368,0.15980870679879192
43,0.01391678622668581,0.03225983219571965,0.014504281574354627,0.08504130569405405,0.14423422965615526,0.16170440287109575
44,0.01391678622668581,0.0322638235311724,0.014644648861649467,0.08577956623055813,0.14792749179767525,0.16353112819981178
45,0.01391678622668581,0.03226719065140154,0.014779886347320845,0.08648372207374089,0.1515684875250339,0.1652912875132923
46,0.01391678622668581,0.03227003117903236,0.01491018150286018,0.08715532374623025,0.15515599024582435,0.1669872180535949
47,0.01391678622668581,0.03227242746923658,0.015035714948507589,0.0877958552106636,0.15868893111119745,0.16862118928801414
48,0.01391678622668581,0.03227444899744862,0.015156660703634708,0.08840673609788441,0.16216638990043689,0.17019540297524682
49,0.01391678622668581,0.03227615437366095,0.015273186427977172,0.08898932396712031,0.1655875862701031,0.1717119935302738
50,0.01391678622668581,0.03227759304169845,0.01538545365405108,0.089544916575449,0.16895187136044634,0.17317302863963127
51,0.01391678622668581,0.032278806712738986,0.01549361801107569,0.09007475413822932,0.17225871975159582,0.17458051008531045
52,0.01391678622668581,0.03227983057464196,0.015597829440712736,0.09058002156582615,0.17550772176180543,0.17593637474120394
53,0.01391678622668581,0.03228069431214691,0.015698232404921422,0.09106185066499853,0.17869857607980352,0.17724249571094036
54,0.01391678622668581,0.03228142296752053,0.015794966086217225,0.09152132229585458,0.18183108272305384,0.1785006835802076
55,0.01391678622668581,0.03228203766660499,0.015888164580612166,0.09195946847737768,0.1849051363135227,0.1797126877603665
56,0.01391678622668581,0.032282556231317636,0.01597795708350392,0.09237727443627192,0.18792071966234716,0.1808801979033625
57,0.01391678622668581,0.032282993696360285,0.016064468068771546,0.09277568059531432,0.19087789765463545,0.1820048453707292
58,0.01391678622668581,0.03228336274511904,0.016147817461326045,0.09315558449858652,0.1937768114254936,0.18308820474189622
59,0.01391678622668581,0.032283674077392625,0.016228120803354947,0.09351784267193244,0.19661767281827494,0.1841317953491171
60,0.01391678622668581,0.0322839367196107,0.016305489414491434,0.0938632724177825,0.19940075911597752,0.18513708282815983
61,0.02087517934002868,0.032284158286536344,0.016380030546129937,0.09419265354413023,0.20212640803668655,0.18610548067549257
62,0.02087517934002868,0.034808939960520105,0.016787064746034218,0.09593717487823498,0.20501337593920446,0.18947945944203934
63,0.02087517934002868,0.03693886453069117,0.017179223651703542,0.09774395415540942,0.20804190545771295,0.19292699271329228
64,0.02087517934002868,0.03873568471572537,0.017557050889149255,0.09958767207753252,0.2111942891907652,0.19641802727434846
65,0.02087517934002868,0.040251495567697,0.01792107021726374,0.10144769373587563,0.21445475900329616,0.19992749797281636
66,0.02087517934002868,0.041530244859413805,0.018271786253875474,0.10330730230945986,0.21780920293351483,0.20343457834075512
67,0.02087517934002868,0.04260900725838946,0.01860968517527,0.10515305417435664,0.22124492967633552,0.20692204313685747
68,0.02087517934002868,0.04351905922946921,0.018935235390146497,0.10697423636328725,0.22475047256599393,0.21037572590547288
69,0.02087517934002868,0.04428678583066754,0.01924888818894424,0.10876241029921166,0.2283154263218439,0.21378405723135652
70,0.02087517934002868,0.04493444569287104,0.019551078369439076,0.110511028244042,0.23193031094457794,0.21713767155347632
71,0.02087517934002868,0.0454808163623968,0.019842224839477063,0.11221511102720343,0.2355864580902011,0.220429072249465
72,0.02087517934002868,0.045941738716767155,0.02012273119768095,0.11387097741009522,0.23927591603541576,0.223652346266408
73,0.02087517934002868,0.04633057623790041,0.02039298629293435,0.11547601695354746,0.24299137000537288,0.22680292089758392
74,0.02087517934002868,0.04665860245838519,0.020653364763419276,0.1170284995299657,0.2467260751838016,0.22987735642565277
75,0.02087517934002868,0.046935327814034845,0.02090422755595423,0.11852741569699086,0.2504738001838359,0.23287316930198368
76,0.02087517934002868,0.047168775379129675,0.02114592242635282,0.1199723430563749,0.2542287791400937,0.23578868133583322
77,0.02087517934002868,0.047365713478714946,0.02137878442149644,0.12136333448670518,0.2579856709010889,0.23862289104830608
78,0.02087517934002868,0.04753185192206304,0.02160313634378939,0.12270082478380577,0.26173952406623513,0.24137536392338155
79,0.02087517934002868,0.04767200754667938,0.021819289198640165,0.12398555278683163,0.265485746832234,0.24404613877774753
80,0.02087517934002868,0.04779024387245522,0.022027542625589334,0.12521849652705574,0.2692200807968622,0.24663564788626408
81,0.02087517934002868,0.047889988914948084,0.02222818531368158,0.12640081932345804,0.27293857802018195,0.2491446488520058
82,0.02087517934002868,0.047974134573540064,0.022421495401657752,0.12753382507570316,0.2766375807691789,0.25157416650865105
83,0.02087517934002868,0.04804512047602623,0.02260774086352165,0.1286189212804295,0.2803137034760673,0.25392544339667095
84,0.02087517934002868,0.04810500471053213,0.022787179880016092,0.12965758852896572,0.28396381652662905,0.2561998975702157
85,0.02087517934002868,0.04815552349548464,0.02296006119652312,0.13065135544039408,0.2875850315659766,0.25839908667464734
86,0.02087517934002868,0.04819814151764248,0.023126624467884625,0.13160177814898721,0.2911746880676219,0.26052467739025736
87,0.02087517934002868,0.04823409439763263,0.023287100590621213,0.13251042360426135,0.2947303409597628,0.26257841947002253
88,0.02087517934002868,0.04826442451419222,0.023441712023010028,0.13337885605926506,0.2982497491420958,0.26456212371182053
89,0.02087517934002868,0.04829001122576498,0.023590673093465096,0.13420862622167826,0.3017308647586604,0.26647764330134904
90,0.02087517934002868,0.0483115963656645,0.023734190297647763,0.135001262625717,0.3051718231184899,0.26832685804360124
91,0.02783357245337159,0.04832980574998328,0.023872462584719048,0.1357582648531522,0.30857093317719053,0.27011166107028606
92,0.02783357245337159,0.050869762080304366,0.024340898849062716,0.1379115431412823,0.3121450314651332,0.2742750553078361
93,0.02783357245337159,0.05301248810325444,0.02479221584612104,0.14010893270500924,0.31587254563456874,0.27848558855973254
94,0.02783357245337159,0.0548201076889215,0.025227039209165174,0.14232582334620175,0.3197340542156127,0.2827138143477895
95,0.02783357245337159,0.05634502899546751,0.025645971707345765,0.14454227735866898,0.32371217211332765,0.28693529880739
96,0.02783357245337159,0.05763146393432102,0.026049594081275163,0.146742260483366,0.3277912638183543,0.2911298645106114
97,0.02783357245337159,0.058716710002297744,0.026438465848072717,0.14891299491764162,0.33195720428885417,0.29528094721750364
98,0.02783357245337159,0.05963223164469701,0.026813126076989317,0.15104441520735495,0.3361971794168131,0.2993750485136441
99,0.02783357245337159,0.060404572501240365,0.02717409413668627,0.1531287108527664,0.3404995193363967,0.3034012698936305
100,0.02783357245337159,0.061056124983520164,0.02752187041520445,0.15515994199150845,0.3448535589577872,0.30735091605110787
101,0.02783357245337159,0.06160577949625038,0.02785693701362176,0.15713371665812184,0.3492495210518563,0.31121715699832436
102,0.02783357245337159,0.0620694721251351,0.02817975841436051,0.15904691992157471,0.3536784179986954,0.3149947402144473
103,0.02783357245337159,0.06246064667042179,0.02849078212507109,0.16089748672215562,0.35813196897123406,0.3186797453562219
104,0.02783357245337159,0.06279064442183804,0.02879043929898463,0.1626842115112373,0.3626025298748469,0.32226937519439447
105,0.02783357245337159,0.06306903297562284,0.02907914533259441,0.16440658887886714,0.3670830338225019,0.32576177739622786
106,0.02783357245337159,0.06330388362701601,0.02935730044149476,0.16606468026632834,0.37156694030741094,0.3291558925850937
107,0.02783357245337159,0.06350200538062244,0.029625290215175556,0.16765900263021807,0.37604819155369024,0.33245132479507106
108,0.02783357245337159,0.06366914236329305,0.029883486151541454,0.16919043557354033,0.38052117479062625,0.3356482310207686
109,0.02783357245337159,0.06381014036309739,0.03013224617189681,0.17066014400665225,0.3849806894165319,0.3387472270563043
110,0.02783357245337159,0.06392908732283764,0.030371915117110203,0.17206951386253655,0.3894219182011716,0.34174930723614777
111,0.02783357245337159,0.06402943186142031,0.030602825225646307,0.17342009878019943,0.39384040182751906,0.3446557760458342
112,0.02783357245337159,0.06411408325936574,0.030825296594127867,0.17471357599833548,0.3982320161993204,0.34746818987214606
113,0.02783357245337159,0.0641854958073263,0.031039637621066152,0.1759517099782939,0.40259295204490825,0.35018830741842416
114,0.02783357245337159,0.06424573996312283,0.03124614543437501,0.17713632250887856,0.4069196964335738,0.35281804752819584
115,0.02783357245337159,0.06429656238034902,0.03144510630326124,0.1782692682424059,0.41120901589157693,0.3553594533451539
116,0.02783357245337159,0.06433943654894783,0.031636796035062136,0.17935241477746244,0.41545794086311366,0.3578146618946733
117,0.02783357245337159,0.06437560551597782,0.03182148035758039,0.18038762654377594,0.41966375130937555,0.36018587830572923
118,0.02783357245337159,0.06440611792516895,0.03199941528744641,0.18137675186262125,0.42382396327801325,0.3624753540058266
119,0.02783357245337159,0.06443185842015947,0.03217084748501854,0.18232161265565888,0.42793631630733736,0.3646853683184102
120,0.02783357245337159,0.06445357329289227,0.03233601459631333,0.18322399635895797,0.431998761555675,0.3668182129747202
121,0.292252510760402,0.06447189212079264,0.0324951455824397,0.18408564966962565,0.43600945056751855,0.36887617912238974
122,0.292252510760402,0.16042194684228683,0.045386715242408525,0.23926517812214296,0.44826451690478963,0.46362363671553375
123,0.292252510760402,0.24136612556729636,0.057807155223624035,0.29732773763771164,0.46799480724683895,0.5623959139256186
124,0.292252510760402,0.30965123586227283,0.06977368322571915,0.3572870679823967,0.494507454017016,0.6640050976700399
125,0.292252510760402,0.36725706201856967,0.08130288771779005,0.41833604929356766,0.5271818130681252,0.7674545347044419
126,0.292252510760402,0.41585376476701064,0.09241075093398068,0.47981752808870815,0.5654588424227536,0.8719102935589528
127,0.292252510760402,0.4568503041033741,0.10311267102868084,0.5411997597095015,0.6088322812972846,0.9766768814015364
128,0.292252510760402,0.4914352891435767,0.11342348342204993,0.602055742721292,0.656841322774707,1.0811765734569847
129,0.292252510760402,0.520611439364873,0.12335748136545659,0.6620458342077231,0.7090645244598415,1.1849318107373676
130,0.292252510760402,0.5452246563648555,0.13292843575534266,0.7209031305766445,0.765114744129805,1.2875502048489262
131,0.292252510760402,0.5659885490132431,0.14214961422297842,0.7784211792014557,0.8246349231105852,1.3887117588738973
132,0.292252510760402,0.5835051230520645,0.15103379952657195,0.8344436543030507,0.8872945699849509,1.488157972761638
133,0.292252510760402,0.5982822349960203,0.1595933072712283,0.8888556879064777,0.9527868222073631,1.5856825519724338
134,0.292252510760402,0.6107483163724499,0.16784000298132315,0.9415765951494386,1.0208259840584175,1.6811234807105508
135,0.292252510760402,0.621264795199514,0.17578531854895654,0.9925537740823667,1.0911454567790693,1.7743562571525135
136,0.292252510760402,0.6301365748374361,0.18344026808128888,1.0417575945677648,1.1634959912418976,1.8652881186291408
137,0.292252510760402,0.6376208740252302,0.1908154631687269,1.0891771199600044,1.2376442056122308,1.953853110606409
138,0.292252510760402,0.6439346844013333,0.1979211275951255,1.1348165297697432,1.3133713205202073,2.0400078752495094
139,0.292252510760402,0.6492610617233947,0.20476711151039645,1.1786921322013226,1.3904720726368138,2.1237280539541232
140,0.292252510760402,0.6537544331880093,0.2113629050851717,1.2208298728975013,1.4687537745004884,2.2050052140022536
141,0.292252510760402,0.6575450747250603,0.21771765166644882,1.2612632609402423,1.5480354942091124,2.2838442228809948
142,0.292252510760402,0.6607428880764765,0.22384016045245633,1.3000316455663572,1.6281473333707654,2.3602610051583057
143,0.292252510760402,0.6634405871679214,0.22973891870430874,1.3371787875231376,1.7089297856594214,2.434280626450139
144,0.292252510760402,0.6657163861556138,0.23542210351137974,1.3727516778157969,1.7902331615862415,2.505935657200948
145,0.292252510760402,0.6676362670825884,0.24089759312670342,1.4067995640421487,1.8719170677883585,2.5752647759559255
146,0.292252510760402,0.6692558928903573,0.24617297788811668,1.4393731507869203,1.953849931351402,2.6423115777165753
147,0.292252510760402,0.6706222212497545,0.25125557074028226,1.4705239458409636,2.035908561500121,2.707123557999715
148,0.292252510760402,0.671774866000621,0.25615241737217875,1.5003037284734502,2.117977742480628,2.7697512474984793
149,0.292252510760402,0.6727472456724346,0.2608703059841102,1.528764119747807,2.1999498526744343,2.8302474758858662
150,0.292252510760402,0.6735675523848415,0.2654157766977747,1.555956238044278,2.281724505975497,2.8886667464032647
151,1.5007780917174998,0.6742595692193406,0.26979513062243715,1.581930425626034,2.3632082122661817,2.9450647055197403
152,1.5007780917174998,0.9077909299268052,0.31021012904723533,1.857553446976193,2.5045802909481365,3.626142177883974
153,1.5007780917174998,1.1047997201131972,0.3491481385772044,2.125182916522402,2.699348457136775,4.291423216088302
154,1.5007780917174998,1.2709977985773766,0.38666313660391854,2.3844361588360514,2.9415676950347676,4.938929830470352
155,1.5007780917174998,1.4112037318205184,0.42280712788475594,2.6350662766077346,3.225844793788853,5.567257568456694
156,1.5007780917174998,1.5294824983275412,0.4576302166339272,2.8769373849571585,3.5472853709229444,6.17546690719969
157,1.5007780917174998,1.6292633441364115,0.4911806759788965,3.110003883115328,3.9014464409364686,6.762993179961391
158,1.5007780917174998,1.7134392066716573,0.5235050148784786,3.3342931244281035,4.284293892665112,7.329572000767229
159,1.5007780917174998,1.7844505894286746,0.5546480425953764,3.5498909459280386,4.692164318271951,7.875177639167455
160,1.5007780917174998,1.844356319280295,0.5846529308125337,3.756929603317056,5.12173070544871,8.399972206868384
161,1.5007780917174998,1.894893237866079,0.6135612734794099,3.9555777285521643,5.569971564040532,8.904263862742818
162,1.5007780917174998,1.9375265576916136,0.6414131444711395,4.146031987402542,6.034143110128384,9.38847253259381
163,1.5007780917174998,1.9734923429078415,0.6682471531405052,4.32851016509702,6.511754175693008,9.853101883702422
164,1.5007780917174998,2.0038333464119846,0.6941004978397324,4.50324545098103,7.0005435512690735,10.298716498947684
165,1.5007780917174998,2.0294292422920255,0.7190090174863,4.670481729195471,7.4984595032705865,10.725923367303674
166,1.5007780917174998,2.0510221301413805,0.7430072412442492,4.830469712826201,8.003641237608656,11.135356951982843
167,1.5007780917174998,2.069238050688175,0.7661284363898611,4.983463784637287,8.514402107413174,11.527667218776482
168,1.5007780917174998,2.0846051365398717,0.7884046544280559,5.129719429140577,9.029214385611875,11.903510108923495
169,1.5007780917174998,2.097568924286245,0.809866775523443,5.269491158998498,9.546695443243909,12.263540026217962
170,1.5007780917174998,2.108505271903152,0.8305445513076124,5.403030854137949,10.06559519206078,12.608403979654184
171,1.5007780917174998,2.1177312559702925,0.8504666461220096,5.530586444918688,10.584784665514446,12.938737082903472
172,1.5007780917174998,2.1255143646450336,0.8696606767535678,5.652400881628267,11.103245625925378,13.255159162169853
173,1.5007780917174998,2.1320802529233993,0.8881532507181766,5.768711341786087,11.620061097700072,13.558272266039692
174,1.5007780917174998,2.137619285035837,0.905970003145062,5.879748634500677,12.134406737132814,13.84865890613354
175,1.5007780917174998,2.1422920536608685,0.9231356323132048,5.9857367676641005,12.645542958758144,14.126880886790065
176,1.5007780917174998,2.1462340359747194,0.939673933889061,6.086892649276429,13.152807746572035,14.393478606589591
177,1.5007780917174998,2.1495595215293597,0.9556078339130445,6.183425898833594,13.655610085844675,14.648970735038478
178,1.5007780917174998,2.1523649258395863,0.9709594205805019,6.275538748619441,14.153423957821593,14.89385418484196
179,1.5007780917174998,2.1547315857497034,0.9857499748612321,6.3634260180325,14.645782845453565,15.128604314442612
180,1.5007780917174998,2.156728117625604,0.9999999999999988,6.447275146846955,15.132274703496561,15.353675307359913
181,0.893815064451817,2.158412406743125,1.013729249938931,6.527266275637036,15.612537350957476,15.56950068471968
182,0.893815064451817,2.1598332855508455,1.0380507995648076,6.485306124726889,16.04064206954723,15.323246020634345
183,0.893815064451817,2.1610319494650296,1.061483504452281,6.452910249231432,16.42161901616701,15.098817222217365
184,0.893815064451817,2.1620431512447733,1.0840598479332582,6.4284432644589,16.760099490407914,14.894982781938802
185,0.893815064451817,2.1628962085757384,1.1058111262179744,6.410532039705023,17.060301640493332,14.710474480600475
186,0.893815064451817,2.1636158540752715,1.126767491779023,6.398024381780773,17.32606286158061,14.544015759788453
187,0.893815064451817,2.1642229523630414,1.1469579951498938,6.389954194168604,17.560870318989455,14.394343472478731
188,0.893815064451817,2.16473510498715,1.1664106251959574,6.385512098414175,17.76788957997356,14.260224256513945
189,0.893815064451817,2.165167160744289,1.185152347913725,6.384020662877939,17.94999136994968,14.140466561055698
190,0.893815064451817,2.165531646189624,1.203209143812168,6.384913517696228,18.109776493503087,14.03392917696836
191,0.893815064451817,2.1658391288181176,1.2206060439279145,6.387717747611538,18.24959897850548,13.939526972678152
192,0.893815064451817,2.1660985234469985,1.237367164524253,6.392039049497994,18.371587514554726,13.856234412562095
193,0.893815064451817,2.1663173506822866,1.253515740522037,6.397549221689676,18.477665265702374,13.783087331309156
194,0.893815064451817,2.166501954963071,1.2690741577088438,6.403975619944531,18.56956814291803,13.719183351561064
195,0.893815064451817,2.1666576885052833,1.2840639837710266,6.411092272008884,18.648861624644418,13.66368126062888
196,0.893815064451817,2.1667890664780303,1.2985059981916858,6.418712390943681,18.716956214689194,13.615799602796553
197,0.893815064451817,2.1668998979115033,1.3124202210560008,6.426682068031235,18.775121626044285,13.574814694652385
198,0.893815064451817,2.1669933961318577,1.3258259408038546,6.434874960379287,18.824499777395886,13.540058230347324
199,0.893815064451817,2.1670722719249023,1.338741740968225,6.443187817272504,18.86611668639391,13.510914610249213
200,0.893815064451817,2.167138812129677,1.3511855259364027,6.451536713728806,18.900893340434187,13.486818098959485
201,0.893815064451817,2.1671949459405777,1.3631745457697544,6.4598538803074215,18.9296556219668,13.46724989608916
202,0.893815064451817,2.167242300840325,1.3747254201164325,6.468085035584156,18.95314336133549,13.451735184723344
203,0.893815064451817,2.1672822497854267,1.385854161250181,6.476187142360835,18.972018586000846,13.439840207441122
204,0.893815064451817,2.1673159510121915,1.3965761962671752,6.4841265210352805,18.986873030798403,13.431169407519466
205,0.893815064451817,2.1673443816173688,1.4069063884716666,6.4918772639840645,18.998234969708193,13.425362663048666
206,0.893815064451817,2.1673683658870324,1.416859057980076,6.499419903604738,19.006575425519124,13.422092633717948
207,0.893815064451817,2.167388599195037,1.4264480015720986,6.506740294082978,19.01231380980276,13.421062233653199
208,0.893815064451817,2.1674056681639304,1.4356865118163402,6.513828673207714,19.015823041796043,13.422002238623811
209,0.893815064451817,2.167420067672849,1.4445873954969957,6.52067887583594,19.01743419115211,13.424669031946014
210,0.893815064451817,2.1674322152055097,1.4531629913671134,6.527287675061303,19.017440686065363,13.428842490301275
211,0.8785332296239089,2.167442462954274,1.4614251872530573,6.533654230896175,19.016102125019085,13.434324008298152
212,0.8785332296239089,2.1674511080312353,1.4576850066916498,6.522540947349224,19.015207760412228,13.453045449471569
213,0.8785332296239089,2.167458401082362,1.4540815131367788,6.513961206967723,19.014643844240886,13.468328792273374
214,0.8785332296239089,2.1674645535544528,1.4506097112847554,6.507481788864226,19.01432004928166,13.480770325162956
215,0.8785332296239089,2.1674697438256003,1.4472647883880783,6.502738944993607,19.014166400116032,13.490866752016741
216,0.8785332296239089,2.1674741223768845,1.444042107583818,6.499427455116674,19.01412931215171,13.499031413756482
217,0.8785332296239089,2.167477816155265,1.4409372014658122,6.497291397206422,19.014168335544934,13.505607908991557
218,0.8785332296239089,2.1674809322541377,1.4379457658917758,6.496116364841436,19.014253485012752,13.510881526670538
219,0.8785332296239089,2.167483561018289,1.4350636540167292,6.4957229051234435,19.014363056005223,13.51508883854967
220,0.8785332296239089,2.1674857786632487,1.4322868705444782,6.495960986080815,19.01448184405762,13.51842574435021
221,0.8785332296239089,2.167487649485006,1.4296115661891822,6.496705332404093,19.01459969785932,13.521054216184577
222,0.8785332296239089,2.167489227724134,1.4270340323393187,6.4978514935698515,19.014710348078534,13.523107949825446
223,0.8785332296239089,2.167490559138382,1.4245506959166647,6.499312529676473,19.01481046362343,13.52469709752903
224,0.8785332296239089,2.16749168232933,1.4221581144231545,6.501016218256251,19.014898895097357,13.525912229438376
225,0.8785332296239089,2.1674926298615547,1.4198529711687544,6.502902700463034,19.01497607196896,13.526827647271858
226,0.8785332296239089,2.1674934292067762,1.4176320706737364,6.50492249780216,19.01504352563735,13.527504154359729
227,0.8785332296239089,2.167494103540341,1.415492334238981,6.507034841339892,19.015103515305416,13.527991369549614
228,0.8785332296239089,2.1674946724131443,1.4134307956781629,6.509206264415449,19.015158737529344,13.528329658572517
229,0.8785332296239089,2.167495152318466,1.4114445972059073,6.511409417543298,19.01521210361534,13.52855174473331
230,0.8785332296239089,2.1674955571701595,1.4095309854762172,6.513622070659116,19.01526657178966,13.528684050916965
231,0.8785332296239089,2.167495898706054,1.407687307765677,6.515826273317101,19.01532502336564,13.528747816592446
232,0.8785332296239089,2.167496186828272,1.4059110082961426,6.518007648047408,19.015390174043706,13.528760026502898
233,0.8785332296239089,2.1674964298903143,1.4041996246918225,6.520154795963733,19.015464513071635,13.528734181847554
234,0.8785332296239089,2.1674966349392584,1.402550784565837,6.522258796985243,19.015550264314367,13.52868093981078
235,0.8785332296239089,2.1674968079200703,1.4009622022315216,6.52431278979883,19.015649364379296,13.528608643131243
236,0.8785332296239089,2.1674969538479676,1.3994316755339193,6.526311619017511,19.015763453851793,13.528523757903724
237,0.8785332296239089,2.1674970769538255,1.3979570827970669,6.528251538955975,19.015893878447354,13.528431234863788
238,0.8785332296239089,2.167497180806842,1.3965363798828445,6.530129965102033,19.016041697507298,13.528334806932474
239,0.8785332296239089,2.1674972684180176,1.3951675973573137,6.531945265761036,19.01620769777631,13.528237233720631
240,0.8785332296239089,2.1674973423274557,1.3938488377606069,6.533696587529841,19.016392410820558,13.528140501947277
241,0.8779227881958744,2.1674974046780067,1.392578272976599,6.535383709251738,19.016596132789733,13.528045989261322
242,0.8779227881958744,2.167497457277394,1.3920534148810335,6.535992341625926,19.016785165790303,13.527692511067066
243,0.8779227881958744,2.1674975016506295,1.3915477380203736,6.536521690165898,19.01696160806885,13.527413970987448
244,0.8779227881958744,2.1674975390842195,1.39106054140558,6.536983414794774,19.017127079236705,13.527196333375773
245,0.8779227881958744,2.167497570663474,1.3905911496656524,6.537387386298345,19.017282793815138,13.52702799121618
246,0.8779227881958744,2.167497597303967,1.3901389121114034,6.537741964533725,19.017429649674185,13.526899363793806
247,0.8779227881958744,2.167497619778085,1.3897032018334503,6.538054233202588,19.017568299768342,13.526802559427956
248,0.8779227881958744,2.1674976387374176,1.3892834148331659,6.538330197978516,19.01769921007407,13.526731092889635
249,0.8779227881958744,2.167497654731652,1.3888789691853933,6.538574953716328,19.01782270615126,13.526679648767225
250,0.8779227881958744,2.167497668224507,1.3884893042317596,6.538792825575569,19.017939010346115,13.526643883427992
251,0.8779227881958744,2.1674976796071785,1.3881138798034667,6.5389874881347945,19.01804827131398,13.526620259388615
252,0.8779227881958744,2.1674976892096858,1.38775217547249,6.539162065935886,19.018150587257225,13.526605906889808
253,0.8779227881958744,2.1674976973104325,1.3874036898301414,6.539319218359863,19.01824602403596,13.526598508297207
254,0.8779227881958744,2.167497704144282,1.3870679397919945,6.539461211282026,19.01833462911093,13.526596201646763
255,0.8779227881958744,2.1674977099093686,1.3867444599282162,6.539589977571583,19.018416442112606,13.526597500239612
256,0.8779227881958744,2.1674977147728383,1.386432801818369,6.539707168178027,19.018491502691894,13.526601225684852
257,0.8779227881958744,2.167497718875697,1.3861325334297927,6.539814195274171,19.01855985619307,13.526606452204136
258,0.8779227881958744,2.1674977223368996,1.3858432385187047,6.539912268695979,19.018621557593153,13.526612460361948
259,0.8779227881958744,2.167497725256796,1.3855645160531853,6.5400024267254775,19.01867667407219,13.526618698679462
260,0.8779227881958744,2.1674977277200416,1.3852959796572528,6.540085562099478,19.01872528651277,13.526624751837739
261,0.8779227881958744,2.1674977297980544,1.3850372570752536,6.540162443988924,19.018767490171605,13.526630314383985
262,0.8779227881958744,2.167497731551082,1.3847879896558264,6.540233736577232,19.01880339472065,13.526635169029998
263,0.8779227881958744,2.167497733029948,1.3845478318547262,6.540300014767819,19.018833123817437,13.526639168778951
264,0.8779227881958744,2.1674977342775303,1.3843164507558172,6.540361777468204,19.018856814332885,13.526642222240671
265,0.8779227881958744,2.1674977353300005,1.3840935256095712,6.5404194588281195,19.018874615339467,13.526644281599207
266,0.8779227881958744,2.167497736217872,1.3838787473884329,6.540473437750163,19.01888668694127,13.526645332784325
267,0.8779227881958744,2.1674977369668866,1.3836718183584324,6.54052404594175,19.018893199010105,13.526645387471484
268,0.8779227881958744,2.1674977375987616,1.3834724516664558,6.540571574735147,19.018894329877902,13.526644476596708
269,0.8779227881958744,2.1674977381318152,1.383280370942598,6.540616280866995,19.018890265023742,13.52664264512423
270,0.8779227881958744,2.1674977385815044,1.383095309917048,6.540658391378833,19.0188811957848,13.526639947848592
271,0.8779989854223365,2.167497738960864,1.3829170120509748,6.5406981077749204,19.018867318112697,13.526636446048451
272,0.8779989854223365,2.167497739280895,1.38201379375014,6.541490878760888,19.01885464248706,13.526678899952005
273,0.8779989854223365,2.167497739550875,1.3811435840711521,6.542258072152013,19.018843448788818,13.526711948045163
274,0.8779989854223365,2.1674977397786326,1.3803051766953218,6.542999111920169,19.018833973379817,13.526737460646785
275,0.8779989854223365,2.16749773997077,1.3794974093895578,6.5437137249297805,19.018826412068073,13.526756927546884
276,0.8779989854223365,2.1674977401328586,1.3787191623952304,6.5444018836715445,19.018820919285428,13.52677152979505
277,0.8779989854223365,2.167497740269598,1.377969356875921,6.545063758412377,19.018817608740548,13.52678219885525
278,0.8779989854223365,2.167497740384953,1.377246953421896,6.545699677267557,19.01881655514219,13.526789665249906
279,0.8779989854223365,2.1674977404822666,1.3765509506092357,6.5463100929356735,19.01881779667063,13.526794498469298
280,0.8779989854223365,2.167497740564361,1.375880383611623,6.546895555034932,19.018821337942587,13.526797139631315
281,0.8779989854223365,2.1674977406336167,1.3752343228628612,6.547456687146225,19.01882715327084,13.526797928132511
282,0.8779989854223365,2.167497740692041,1.3746118727682748,6.5479941678092075,19.01883519006428,13.52679712332653
283,0.8779989854223365,2.1674977407413287,1.3740121704632005,6.548508714836266,19.01884537225116,13.526794922094057
284,0.8779989854223365,2.1674977407829075,1.3734343846168495,6.549001072409419,19.018857603637734,13.526791473024828
285,0.8779989854223365,2.167497740817984,1.3728777142798871,6.549472000509577,19.018871771137977,13.52678688781131
286,0.8779989854223365,2.1674977408475744,1.3723413877741208,6.54992226629878,19.018887747829456,13.52678125035303
287,0.8779989854223365,2.167497740872537,1.371824661622775,6.550352637136043,19.01890539580502,13.526774623985952
288,0.8779989854223365,2.1674977408935963,1.371326819519851,6.550763874958023,19.018924568802117,13.526767057180605
289,0.8779989854223365,2.1674977409113616,1.3708471713371555,6.551156731798405,19.018945114600697,13.526758587993926
290,0.8779989854223365,2.1674977409263483,1.3703850521676206,6.5515319462558015,19.0189668771875,13.526749247510276
291,0.8779989854223365,2.1674977409389915,1.3699398214035807,6.551890240750336,19.01898969869017,13.526739062466179
292,0.8779989854223365,2.1674977409496576,1.36951086184874,6.5522323194345615,19.019013421088417,13.526728057219072
293,0.8779989854223365,2.1674977409586558,1.3690975788625868,6.552558866645897,19.019037887712255,13.526716255191785
294,0.8779989854223365,2.1674977409662466,1.3686993995360832,6.55287054580592,19.019062944539428,13.526703679900782
295,0.8779989854223365,2.16749774097265,1.3683157718974766,6.553167998687107,19.01908844130513,13.526690355656767
296,0.8779989854223365,2.1674977409780523,1.36794616414713,6.553451844980443,19.019114232438014,13.526676308009394
297,0.8779989854223365,2.16749774098261,1.3675900639203267,6.553722682108223,19.019140177836725,13.526661563994965
298,0.8779989854223365,2.167497740986454,1.3672469775770053,6.5539810852354305,19.019166143500883,13.52664615223424
299,0.8779989854223365,2.1674977409896976,1.36691642951746,6.554227607440753,19.01919200203035,13.526630102918665
300,0.8779989854223365,2.1674977409924336,1.3665979615230435,6.554462780014776,19.01921763300615,13.526613447715446
301,0.878028501505671,2.1674977409947416,1.3662911321209674,6.554687112858303,19.019242923265445,13.526596219615955
302,0.878028501505671,2.1674977409966893,1.365688129782242,6.554797328865794,19.019311999313395,13.526974541019461
303,0.878028501505671,2.1674977409983325,1.36510716450383,6.554922444777687,19.019417612023844,13.527278277649648
304,0.878028501505671,2.1674977409997185,1.3645474309289425,6.555058635897295,19.019553404222833,13.527517865926239
305,0.878028501505671,2.167497741000888,1.364008153133008,6.555202745179133,19.019713841523522,13.527702305269143
306,0.878028501505671,2.167497741001875,1.3634885835480566,6.555352175581411,19.019894110103508,13.527839362255
307,0.878028501505671,2.1674977410027076,1.3629880019264098,6.555504799404076,19.020090027590314,13.527935744839898
308,0.878028501505671,2.1674977410034093,1.3625057143422479,6.555658881949016,19.02029796528891,13.527997251139928
309,0.878028501505671,2.1674977410040017,1.3620410522296604,6.555813017255879,19.020514780234183,13.52802889657716
310,0.878028501505671,2.1674977410045013,1.3615933714558555,6.555966074018613,19.020737755764046,13.528035022619227
311,0.878028501505671,2.167497741004923,1.3611620514282368,6.556117150084487,19.02096454949054,13.528019389850447
312,0.878028501505671,2.1674977410052785,1.3607464942341139,6.556265534187563,19.02119314770178,13.527985257697699
313,0.878028501505671,2.1674977410055782,1.360346123811853,6.5564106737797285,19.021421825360743,13.527935452782918
314,0.878028501505671,2.167497741005832,1.3599603851523177,6.5565521480003754,19.021649110980412,13.527872427576542
315,0.878028501505671,2.1674977410060454,1.3595887435294924,6.556689644976125,19.021873755753244,13.527798310774442
316,0.878028501505671,2.1674977410062257,1.3592306837592263,6.556822942768609,19.022094706396,13.527714950607082
317,0.878028501505671,2.1674977410063776,1.3588857094850624,6.556951893395206,19.022311081243423,13.527623952108877
318,0.878028501505671,2.1674977410065064,1.358553342490171,6.55707640943785,19.0225221491862,13.527526709222363
319,0.878028501505671,2.1674977410066143,1.358233122034426,6.5571964528309925,19.022727311101484,13.527424432481341
320,0.878028501505671,2.167497741006706,1.3579246042157083,6.557312025483945,19.02292608347075,13.527318172907103
321,0.878028501505671,2.167497741006782,1.3576273613545524,6.55742316144701,19.023118083918828,13.527208842657936
322,0.878028501505671,2.1674977410068474,1.3573409814012802,6.5575299203763215,19.02330301844238,13.527097232892517
323,0.878028501505671,2.167497741006902,1.3570650673648004,6.5576323820908975,19.023480670125593,13.526984029240461
324,0.878028501505671,2.1674977410069483,1.3567992367622854,6.557730642047814,19.023650889166372,13.526869825215483
325,0.878028501505671,2.1674977410069873,1.3565431210889582,6.557824807588813,19.023813584058487,13.526755133858083
326,0.878028501505671,2.1674977410070198,1.3562963653072564,6.557914994834719,19.023968713794233,13.526640397853017
327,0.878028501505671,2.1674977410070477,1.3560586273546655,6.558001326123535,19.024116280968997,13.526525998331392
328,0.878028501505671,2.1674977410070713,1.3558295776695382,6.55808392790449,19.02425632568349,13.526412262537269
329,0.878028501505671,2.1674977410070912,1.3556088987342432,6.558162929014157,19.024388920152035,13.526299470512859
330,0.878028501505671,2.167497741007108,1.3553962846350107,6.558238459272437,19.024514163936352,13.526187860934497
331,0.8758841685708639,2.1674977410071223,1.3551914406378613,6.558310648346057,19.024632179733782,13.526077636213072
332,0.8758841685708639,2.1674977410071343,1.3465325437794462,6.559343517299708,19.025242154494247,13.530812181351841
333,0.8758841685708639,2.1674977410071445,1.3381900911867688,6.560207574234153,19.026255697977767,13.534963886200652
334,0.8758841685708639,2.167497741007153,1.3301525182257945,6.560929558590517,19.027594064494647,13.538580621900046
335,0.8758841685708639,2.1674977410071605,1.322408682898556,6.561532012218861,19.029187753037306,13.541707958951008
336,0.8758841685708639,2.167497741007166,1.3149478503976815,6.562033936582265,19.030975631832355,13.544388993342892
337,0.8758841685708639,2.167497741007171,1.3077596782253849,6.562451347145014,19.032904131692792,13.546664252166867
338,0.8758841685708639,2.1674977410071756,1.3008342018562902,6.562797741026155,19.0349265045191,13.548571661251078
339,0.8758841685708639,2.1674977410071787,1.294161820924217,6.563084491484542,19.037002143165605,13.550146560566033
340,0.8758841685708639,2.1674977410071823,1.287733285913778,6.5633211806798535,19.039095958845035,13.55142175581266
341,0.8758841685708639,2.1674977410071845,1.2815396853383385,6.563515880364116,19.04117781226861,13.552427596811505
342,0.8758841685708639,2.1674977410071867,1.2755724333865655,6.563675388648326,19.043221994796063,13.553192075134746
343,0.8758841685708639,2.167497741007188,1.2698232580204396,6.563805429714962,19.045206755984204,13.55374093492723
344,0.8758841685708639,2.16749774100719,1.2642841895082335,6.563910822272536,19.047113874065424,13.554097792100666
345,0.8758841685708639,2.167497741007191,1.2589475493765563,6.563995621641864,19.048928266048613,13.554284258102175
346,0.8758841685708639,2.1674977410071925,1.2538059397661558,6.564063239598902,19.050637634307957,13.554320065290913
347,0.8758841685708639,2.1674977410071934,1.2488522331767153,6.5641165454539365,19.05223214670498,13.554223191636167
348,0.8758841685708639,2.1674977410071943,1.2440795625864338,6.564157951302551,19.053704147470828,13.554009983003153
349,0.8758841685708639,2.167497741007195,1.2394813119326926,6.564189483924773,19.055047896256927,13.553695271740214
350,0.8758841685708639,2.1674977410071956,1.2350511069406098,6.564212845421384,19.05625933293928,13.553292490642379
351,0.8758841685708639,2.167497741007196,1.2307828062867716,6.564229464349694,19.057335865934046,13.552813781654855
352,0.8758841685708639,2.167497741007197,1.2266704930858894,6.564240538845397,19.058276181947036,13.55227009891066
353,0.8758841685708639,2.167497741007197,1.2227084666885824,6.56424707298458,19.05908007523789,13.551671305877788
354,0.8758841685708639,2.167497741007197,1.2188912347789145,6.564249907443859,19.059748294629205,13.551026266533741
355,0.8758841685708639,2.1674977410071974,1.21521350576073,6.564249745351047,19.060282406632027,13.55034293059438
356,0.8758841685708639,2.167497741007198,1.2116701814222377,6.564247174079171,19.06068467319172,13.549628412907518
357,0.8758841685708639,2.167497741007198,1.2082563498686698,6.564242683618964,19.060957942682343,13.548889067183266
358,0.8758841685708639,2.167497741007198,1.2049672787132204,6.564236682065504,19.061105552892997,13.548130554277893
359,0.8758841685708639,2.167497741007198,1.2017984085168267,6.564229508670897,19.06113124485733,13.547357905278647
360,0.8758841685708639,2.167497741007198,1.1987453464676965,6.564221444844263,19.06103908647684,13.546575579656631
361,0.8789418654500936,2.167497741007198,1.19580386029182,6.564212723420525,19.060833404980805,13.545787518766193
362,0.8789418654500936,2.167497741007198,1.1852451531962565,6.572349590862079,19.060753847631176,13.54739327081118
363,0.8789418654500936,2.167497741007198,1.1750723200022575,6.580049300455097,19.060784607892888,13.54892496682233
364,0.8789418654500936,2.167497741007198,1.1652712587306169,6.587341372364373,19.060910688989917,13.550377464132346
365,0.8789418654500936,2.1674977410071987,1.1558283827669054,6.594252516573995,19.061118147383812,13.551747670274237
366,0.8789418654500936,2.1674977410071987,1.1467306020271761,6.600806988368491,19.06139407651845,13.553034132638535
367,0.8789418654500936,2.1674977410071987,1.1379653048119773,6.6070268921260835,19.06172658014518,13.554236699020299
368,0.8789418654500936,2.1674977410071987,1.1295203403235217,6.612932441325995,19.06210473790357,13.555356237432957
369,0.8789418654500936,2.1674977410071987,1.1213840018217747,6.618542181444383,19.0625185653303,13.556394405429204
370,0.8789418654500936,2.1674977410071987,1.1135450103961138,6.623873181377647,19.062958970051465,13.557353460737186
371,0.8789418654500936,2.1674977410071987,1.1059924993300625,6.628941198157749,19.063417705568533,13.558236106339166
372,0.8789418654500936,2.1674977410071987,1.0987159990374225,6.633760818986255,19.06388732376225,13.559045364229139
373,0.8789418654500936,2.1674977410071987,1.0917054225489229,6.638345583991159,19.064361127003515,13.559784473018862
374,0.8789418654500936,2.1674977410071996,1.0849510515292697,6.642708092584717,19.06483312056661,13.560456805345746
375,0.8789418654500936,2.1674977410071987,1.0784435228052103,6.64686009585685,19.065297965880646,13.561065801695198
376,0.8789418654500936,2.1674977410071987,1.0721738153859346,6.650812577063892,19.065750935025765,13.561614917803618
377,0.8789418654500936,2.1674977410071987,1.066133237957826,6.654575821956148,19.066187866774012,13.562107583273253
378,0.8789418654500936,2.1674977410071987,1.0603134168362223,6.6581594804205375,19.06660512438938,13.562547169420428
379,0.8789418654500936,2.1674977410071996,1.0547062843574875,6.661572620689001,19.06699955533175,13.562936964706498
380,0.8789418654500936,2.1674977410071996,1.0493040676952987,6.664823777172713,19.067368452954156,13.56328015637532
381,0.8789418654500936,2.1674977410071996,1.0440992780856522,6.667920992821166,19.067709520238143,13.563579817151826
382,0.8789418654500936,2.1674977410071987,1.0390847004456456,6.670871856769119,19.068020835577485,13.563838896049088
383,0.8789418654500936,2.1674977410071987,1.0342533833716472,6.673683537919409,19.068300820592675,13.564060212492986
384,0.8789418654500936,2.1674977410071996,1.0295986295029886,6.6763628150124354,19.06854820993819,13.564246453109172
385,0.8789418654500936,2.1674977410071987,1.0251139862378222,6.6789161036509,19.068762023048308,13.564400170629815
386,0.8789418654500936,2.1674977410071987,1.020793236788271,6.681349480678909,19.068941537755837,13.564523784472568
387,0.8789418654500936,2.1674977410071987,1.0166303915624748,6.683668706255649,19.069086265709657,13.564619582622925
388,0.8789418654500936,2.1674977410071996,1.0126196798615836,6.68587924391412,19.069195929511718,13.564689724517201
389,0.8789418654500936,2.1674977410071987,1.008755541880189,6.687986278853207,19.06927044149055,13.564736244678087
390,0.8789418654500936,2.1674977410071987,1.0050326209991052,6.6899947346756345,19.069309884026957,13.564761056900721
391,0.880920108170072,2.167497741007198,1.0014457563598127,6.6919092887541405,19.06931449134725,13.564765958824827
392,0.880920108170072,2.167497741007198,1.0014446239205863,6.691670097183896,19.069343209321072,13.565281854660531
393,0.880920108170072,2.167497741007198,1.0014435328669897,6.691485482681582,19.069391921120666,13.565713190142537
394,0.880920108170072,2.1674977410071974,1.0014424816865617,6.691346111375152,19.069457151410894,13.566073794457319
395,0.880920108170072,2.1674977410071974,1.001441468922115,6.691244146269984,19.069536009049738,13.56637525835292
396,0.880920108170072,2.167497741007197,1.0014404931697156,6.691173011421734,19.069626088232287,13.566627292491814
397,0.880920108170072,2.167497741007197,1.0014395530767377,6.691127193071122,19.06972538608402,13.566838028914438
398,0.880920108170072,2.1674977410071974,1.0014386473399874,6.691102071956301,19.06983223402022,13.567014274593932
399,0.880920108170072,2.167497741007198,1.0014377747038972,6.691093781923344,19.069945240619628,13.567161724649946
400,0.880920108170072,2.167497741007198,1.0014369339587847,6.691099090718593,19.07006324412271,13.567285141598568
401,0.880920108170072,2.167497741007198,1.001436123939176,6.6911152994905585,19.070185272969848,13.56738850601148
402,0.880920108170072,2.167497741007198,1.0014353435221908,6.691140158072283,19.070310513050728,13.56747514311122
403,0.880920108170072,2.167497741007198,1.001434591625984,6.691171793573224,19.07043828055163,13.56754782911596
404,0.880920108170072,2.167497741007198,1.0014338672082475,6.6912086501963906,19.07056799946815,13.567608880546015
405,0.880920108170072,2.167497741007198,1.0014331692647658,6.691249438522473,19.070699183002716,13.567660229197543
406,0.880920108170072,2.167497741007198,1.001432496828022,6.691293092777869,19.070831418193897,13.567703485061733
407,0.880920108170072,2.167497741007198,1.0014318489658578,6.6913387348355595,19.070964353231442,13.567739989107904
408,0.880920108170072,2.167497741007198,1.0014312247801815,6.691385643893517,19.07109768700092,13.567770857545685
409,0.880920108170072,2.167497741007198,1.0014306234057226,6.691433230940531,19.07123116047693,13.56779701892588
410,0.880920108170072,2.1674977410071974,1.0014300440088324,6.6914810172586385,19.071364549647274,13.567819245224324
411,0.880920108170072,2.1674977410071974,1.0014294857863277,6.6915286163288155,19.071497659703002,13.567838177871698
412,0.880920108170072,2.1674977410071974,1.0014289479643794,6.6915757186058205,19.071630320273908,13.567854349539497
413,0.880920108170072,2.1674977410071974,1.0014284297974372,6.6916220787115765,19.071762381525897,13.567868202363753
414,0.880920108170072,2.167497741007197,1.0014279305671978,6.691667504667196,19.071893710967668,13.567880103179569
415,0.880920108170072,2.1674977410071974,1.0014274495816091,6.691711848843072,19.072024190840164,13.567890356248549
416,0.880920108170072,2.1674977410071974,1.0014269861739096,6.6917550003568245,19.07215371598374,13.567899213884104
417,0.880920108170072,2.1674977410071974,1.0014265397017057,6.691796878691113,19.072282192096335,13.56790688531528
418,0.880920108170072,2.1674977410071974,1.0014261095460801,6.691837428339129,19.07240953431059,13.567913544075004
419,0.880920108170072,2.167497741007198,1.0014256951107343,6.691876614315634,19.07253566603087,13.567919334153162
420,0.880920108170072,2.167497741007198,1.001425295821162,6.691914418396927,19.072660517981216,13.567924375116075
421,0.8808409136374823,2.1674977410071983,1.0014249111238518,6.691950835974428,19.072784027424124,13.567928766361806
422,0.8808409136374823,2.1674977410071987,1.001424215331144,6.692037080571331,19.072892702406914,13.567815969658417
423,0.8808409136374823,2.1674977410071987,1.0014235449665727,6.692109401112704,19.072988425083913,13.567726793559615
424,0.8808409136374823,2.1674977410071987,1.0014228991008527,6.69216999549467,19.073072833782323,13.56765749482563
425,0.8808409136374823,2.1674977410071987,1.0014222768386594,6.692220716935753,19.073147345415364,13.56760490353952
426,0.8808409136374823,2.1674977410071987,1.0014216773173885,6.69226312792577,19.073213186960956,13.567566335131493
427,0.8808409136374823,2.1674977410071987,1.0014210997059605,6.69229854573544,19.073271422307172,13.567539515984373
428,0.8808409136374823,2.1674977410071987,1.0014205432036674,6.6923280808067,19.073322975162224,13.567522520513629
429,0.8808409136374823,2.167497741007198,1.0014200070390644,6.692352669137199,19.073368648619695,13.567513717943136
430,0.8808409136374823,2.167497741007198,1.001419490468899,6.692373099598338,19.073409141880123,13.567511727274654
431,0.8808409136374823,2.167497741007198,1.0014189927770816,6.692390036979285,19.07344506455346,13.567515379182437
432,0.8808409136374823,2.167497741007198,1.0014185132736921,6.69240404142546,19.073476948902346,13.567523683761499
433,0.8808409136374823,2.167497741007198,1.0014180512940238,6.692415584835461,19.073505260332066,13.567535803224686
434,0.8808409136374823,2.167497741007198,1.0014176061976632,6.6924250646921815,19.073530406386084,13.567551028784022
435,0.8808409136374823,2.167497741007198,1.0014171773676002,6.692432815729425,19.073552744467552,13.567568761070575
436,0.8808409136374823,2.167497741007198,1.0014167642093734,6.692439119772641,19.073572588473652,13.567588493547085
437,0.8808409136374823,2.167497741007198,1.0014163661502464,6.6924442140393685,19.073590214501635,13.567609798452501
438,0.8808409136374823,2.1674977410071987,1.0014159826384148,6.692448298140348,19.07360586576171,13.567632314888558
439,0.8808409136374823,2.167497741007198,1.0014156131422394,6.692451539984552,19.07361975681169,13.567655738719285
440,0.8808409136374823,2.167497741007198,1.0014152571495099,6.692454080759624,19.073632077211055,13.567679814004965
441,0.8808409136374823,2.167497741007198,1.0014149141667352,6.69245603913236,19.07364299467786,13.567704325735246
442,0.8808409136374823,2.1674977410071987,1.0014145837184594,6.692457514791269,19.073652657819324,13.567729093662418
443,0.8808409136374823,2.1674977410071987,1.001414265346602,6.692458591434151,19.073661198496627,13.56775396706664
444,0.8808409136374823,2.1674977410071996,1.0014139586098234,6.692459339287541,19.07366873387554,13.567778820310716
445,0.8808409136374823,2.1674977410071987,1.0014136630829138,6.692459817231252,19.07367536820688,13.567803549064005
446,0.8808409136374823,2.1674977410071987,1.0014133783562014,6.69246007458984,19.073681194374515,13.567828067093709
447,0.8808409136374823,2.1674977410071987,1.0014131040349867,6.692460152643103,19.07368629524297,13.567852303537222
448,0.8808409136374823,2.1674977410071987,1.0014128397389959,6.6924600858996035,19.07369074483234,13.567876200582552
449,0.8808409136374823,2.1674977410071987,1.0014125851018512,6.692459903170314,19.073694609343924,13.567899711495084
450,0.8808409136374823,2.1674977410071987,1.0014123397705639,6.69245962847365,19.073697948056893,13.567922798938312
451,0.8808334752249813,2.1674977410071987,1.001412103405047,6.692459281798329,19.07370081411331,13.567945433544272
452,0.8808334752249813,2.167497741007198,1.001411224465642,6.692457613234821,19.07370279091457,13.567962552781447
453,0.8808334752249813,2.1674977410071974,1.0014103776475727,6.692456380878183,19.073703972357798,13.567979137438979
454,0.8808334752249813,2.167497741007197,1.0014095617769472,6.6924555083589645,19.073704445588046,13.567995240557533
455,0.8808334752249813,2.1674977410071965,1.0014087757227736,6.692454931630329,19.07370429079445,13.568010904015619
456,0.8808334752249813,2.167497741007196,1.0014080183953926,6.6924545970232625,19.07370358153883,13.568026160741852
457,0.8808334752249813,2.167497741007196,1.0014072887449676,6.692454459606748,19.07370238511031,13.568041036530342
458,0.8808334752249813,2.1674977410071956,1.0014065857600287,6.692454481805195,19.073700762894386,13.568055551526184
459,0.8808334752249813,2.167497741007195,1.0014059084660705,6.69245463223282,19.07369877074723,13.568069721437412
460,0.8808334752249813,2.167497741007195,1.0014052559242017,6.692454884711045,19.0736964593683,13.568083558520199
461,0.8808334752249813,2.167497741007195,1.0014046272298434,6.6924552174402265,19.073693874665828,13.568097072376496
462,0.8808334752249813,2.1674977410071956,1.0014040215114746,6.6924556123015915,19.073691058111322,13.568110270597005
463,0.8808334752249813,2.167497741007195,1.0014034379294248,6.692456054268946,19.073688047080136,13.568123159276462
464,0.8808334752249813,2.167497741007195,1.0014028756747102,6.692456530912967,19.07368487517626,13.56813574342417
465,0.8808334752249813,2.1674977410071947,1.0014023339679108,6.6924570319836,19.07368157254,13.568148027288496
466,0.8808334752249813,2.1674977410071947,1.0014018120580916,6.69245754905829,19.073678166137846,13.568160014611172
467,0.8808334752249813,2.1674977410071947,1.0014013092217613,6.692458075245733,19.07367468003439,13.568171708824226
468,0.8808334752249813,2.1674977410071943,1.0014008247618678,6.692458604936447,19.07367113564617,13.568183113200488
469,0.8808334752249813,2.1674977410071947,1.0014003580068342,6.6924591335928145,19.073667551977994,13.568194230966546
470,0.8808334752249813,2.1674977410071943,1.0013999083096263,6.6924596575724,19.073663945842092,13.568205065385397
471,0.8808334752249813,2.1674977410071943,1.0013994750468564,6.692460173979325,19.073660332060868,13.568215619815051
472,0.8808334752249813,2.1674977410071943,1.0013990576179186,6.692460680539289,19.07365672365397,13.568225897747903
473,0.8808334752249813,2.1674977410071943,1.0013986554441565,6.692461175494509,19.073653132010417,13.568235902835049
474,0.8808334752249813,2.167497741007194,1.0013982679680613,6.692461657515462,19.073649567046793,13.568245638898787
475,0.8808334752249813,2.167497741007194,1.0013978946524984,6.6924621256267764,19.073646037352212,13.568255109936215
476,0.8808334752249813,2.167497741007194,1.001397534979963,6.692462579145049,19.073642550321015,13.568264320115889
477,0.8808334752249813,2.167497741007194,1.0013971884518633,6.692463017626699,19.073639112273977,13.568273273769435
478,0.8808334752249813,2.167497741007194,1.0013968545878282,6.69246344082427,19.07363572856886,13.568281975379636
479,0.8808334752249813,2.167497741007194,1.0013965329250425,6.69246384864988,19.073632403701165,13.568290429565936
480,0.8808334752249813,2.167497741007194,1.0013962230176043,6.692464241144627,19.073629141395717,13.568298641068484
481,0.8845989342847533,2.167497741007194,1.0013959244359083,6.692464618453074,19.07362594468985,13.5683066147312
482,0.8845989342847533,2.1592795123685673,1.0093832357219508,6.700590447369558,19.073219273308055,13.564598327640198
483,0.8845989342847533,2.1523465536573,1.0170786462154944,6.70721723679608,19.072524415159705,13.561709799503236
484,0.8845989342847533,2.146497858201661,1.024492823595513,6.712590038310367,19.07163587585744,13.559503662555803
485,0.8845989342847533,2.141563855280625,1.03163604568464,6.716915085709489,19.07063039666114,13.557864469926086
486,0.8845989342847533,2.1374014937746386,1.0385182146966878,6.7203658887733075,19.069569887978,13.556695238104416
487,0.8845989342847533,2.133890094696893,1.0451488709634849,6.723088372941272,19.068503895721317,13.555914532656228
488,0.8845989342847533,2.130927852357909,1.0515372061600556,6.725205214164306,19.067471674111875,13.555454011981684
489,0.8845989342847533,2.1284288827219933,1.0576920760464807,6.726819494847708,19.06650392695758,13.555256357271869
490,0.8845989342847533,2.1263207333788263,1.0636220127440976,6.7280177871065385,19.065624269708568,13.555273528069261
491,0.8845989342847533,2.1245422829370035,1.0693352365630608,6.728872752940579,19.06485045637278,13.555465292335242
492,0.8845989342847533,2.123041968936826,1.0748396673976575,6.729445336920073,19.064195408451774,13.555797987935328
493,0.8845989342847533,2.121776292904369,1.0801429357051746,6.729786615149684,19.063668077217184,13.556243479207254
494,0.8845989342847533,2.120708559203991,1.085252393083537,6.729939354303448,19.063274165724323,13.556778277973269
495,0.8845989342847533,2.1198078111249523,1.0901751224623795,6.729939326109094,19.063016732807903,13.557382803162131
496,0.8845989342847533,2.119047933356174,1.0949179479216828,6.729816415561488,19.06289669780428,13.558040757257938
497,0.8845989342847533,2.1184068948272876,1.099487444151578,6.729595555156776,19.062913261793536,13.558738601209836
498,0.8845989342847533,2.1178661099637215,1.10388994556644,6.729297512387164,19.063064258666696,13.559465112318003
499,0.8845989342847533,2.1174098998367405,1.1081315550859,6.728939553474631,19.06334644722575,13.560211012041519
500,0.8845989342847533,2.1170250375856283,1.1122181525949528,6.728536002726936,19.063755753756336,13.56096865272263
501,0.8845989342847533,2.1167003649324543,1.1161554030948813,6.728098713866534,19.064287473022265,13.56173175395
502,0.8845989342847533,2.1164264686710936,1.1199487645563038,6.727637467124677,19.06493643437511,13.562495180740383
503,0.8845989342847533,2.116195407750951,1.123603495485227,6.7271603037347605,19.06569713861328,13.563254756947082
504,0.8845989342847533,2.1160004830427717,1.1271246622125914,6.726673807638384,19.066563870332768,13.564007108339071
505,0.8845989342847533,2.115836043111366,1.130517145917418,6.726183342681732,19.067530789759928,13.56474953066821
506,0.8845989342847533,2.115697320364038,1.1337856493932896,6.72569325228437,19.068592007423224,13.565479878778463
507,0.8845989342847533,2.115580292824183,1.1369347035675474,6.725207027469508,19.06974164448701,13.56619647343171
508,0.8845989342847533,2.1154815675224703,1.139968673782239,6.724727448222979,19.070973881120924,13.566898023048044
509,0.8845989342847533,2.1153982821247737,1.1428917658455262,6.724256702370329,19.07228299489961,13.567583557999937
510,0.8845989342847533,2.115328021944767,1.1457080318619421,6.723796485505447,19.073663390908834,13.568252375471094
511,0.7651699601002411,2.115268749935135,1.1484213758495752,6.723348084950763,19.075109624965023,13.568903993204797
512,0.7651699601002411,2.0880484839730653,1.157525568667742,6.6614033217006785,19.073025787084298,13.535908109456049
513,0.7651699601002411,2.0650852654593135,1.1662970436283577,6.596167323113347,19.067611721873384,13.505635574980577
514,0.7651699601002411,2.045713323787433,1.1747479600930426,6.528758374013763,19.059040109612223,13.477498055186148
515,0.7651699601002411,2.029371009929555,1.1828900330526932,6.4600918004043635,19.04746110007097,13.451035344878013
516,0.7651699601002411,2.0155845125947507,1.1907345493672616,6.390913015936294,19.033008779826392,13.425890854225543
517,0.7651699601002411,2.0039541210592855,1.1982923834120414,6.321825339461365,19.01580612319432,13.401791405333395
518,0.7651699601002411,1.9941426363882127,1.2055740121521525,6.253313404251363,18.99596872471732,13.378530617444493
519,0.7651699601002411,1.9858655950558426,1.21258952966612,6.185762851006598,18.973607558097644,13.355955276381563
520,0.7651699601002411,1.978883021519367,1.2193486611386806,6.119476888407561,18.94883096236096,13.333954182575093
521,0.7651699601002411,1.9729924706287236,1.225860776342213,6.054690213549567,18.921746019413394,13.312449054917645
522,0.7651699601002411,1.9680231581518834,1.2321349026254846,5.991580707488057,18.892459456787044,13.29138713724475
523,0.7651699601002411,1.963831009242398,1.2381797374277137,5.930279256075356,18.861078184225963,13.270735212592376
524,0.7651699601002411,1.9602944812898486,1.244003660335301,5.870877991400441,18.82770955198316,13.250474779303406
525,0.7651699601002411,1.9573110400454632,1.2496147446979395,5.813437202860142,18.792461401553968,13.23059818405657
526,0.7651699601002411,1.9547941868555192,1.2550207688202075,5.757991127849986,18.755441965456765,13.211105541232845
527,0.7651699601002411,1.9526709508133637,1.2602292267441584,5.704552799132551,18.716759661078424,13.19200229678393
528,0.7651699601002411,1.9508797731202352,1.2652473386378558,5.653118098165239,18.676522814105475,13.173297318819557
529,0.7651699601002411,1.9493687223163387,1.270082060804252,5.6036691402411645,18.634839339305213,13.15500141723917
530,0.7651699601002411,1.9480939886365276,1.2747400953242878,5.556177097536633,18.59181640010747,13.137126211533959
531,0.7651699601002411,1.9470186138375778,1.2792278993475779,5.5106045494922595,18.547560063318524,13.119683279909301
532,0.7651699601002411,1.9461114196710367,1.2835516940435658,5.466907435898393,18.502174961166116,13.10268353457462
533,0.7651699601002411,1.9453461039349698,1.2877174732255516,5.4250366762007305,18.45576396955619,13.0861367777941
534,0.7651699601002411,1.944700477896496,1.2917310116595497,5.3849395085442975,18.408427908773213,13.070051401404534
535,0.7651699601002411,1.9441558229757723,1.2955978730694966,5.346560593642892,18.360265270757168,13.054434199251565
536,0.7651699601002411,1.9436963480398333,1.2993234178499016,5.3098429214513585,18.31137197544161,13.039290267596083
537,0.7651699601002411,1.9433087315716382,1.3029128104966354,5.274728552623005,18.26184115735615,13.024622973186924
538,0.7651699601002411,1.9429817354404797,1.306371026766157,5.241159221679514,18.21176298271428,13.010433972540646
539,0.7651699601002411,1.9427058790758356,1.309702860573101,5.209076824558924,18.161224496466964,12.99672326914659
540,0.7651699601002411,1.9424731645980062,1.3129129306357894,5.178423809614079,18.110309498257678,12.983489297936973
541,0.8538987025014205,1.9422768449362826,1.3160056868788812,5.149143488105311,18.059098445825363,12.970729028518575
542,0.8538987025014205,1.9257849162179506,1.3532199072344129,5.135658368137939,18.013229661850403,13.009194775234919
543,0.8538987025014205,1.91187220267577,1.3890741129335755,5.123660561067874,17.972254032422196,13.041479626924508
544,0.8538987025014205,1.900135334210432,1.4236180064784745,5.112946371273368,17.935760014619213,13.068501538365947
545,0.8538987025014205,1.8902340248105796,1.4568994739652623,5.1033426152554,17.903374613800224,13.091041442091097
546,0.8538987025014205,1.8818812066699384,1.4889646514657204,5.094701912285106,17.87475913001788,13.109763996676058
547,0.8538987025014205,1.8748347072552574,1.5198579889828856,5.086898708651745,17.8496054373617,13.125235156917674
548,0.8538987025014205,1.8688902280190218,1.549622312069382,5.079825920916737,17.82763272380862,13.137937056501725
549,0.8538987025014205,1.8638754211893478,1.5782988811938767,5.073392101494716,17.80858462951494,13.14828061765687
550,0.8538987025014205,1.859644892905953,1.6059274489379558,5.067519044996446,17.792226730309178,13.156616238020412
551,0.8538987025014205,1.8560759878285535,1.6325463151027075,5.062139766518931,17.778344320672087,13.163242850672503
552,0.8538987025014205,1.8530652330011994,1.6581923798014035,5.057196793824668,17.766740456913592,13.168415607464999
553,0.8538987025014205,1.8505253378698214,1.6829011946118795,5.0526407244266665,17.75723422674122,13.172352397064781
554,0.8538987025014205,1.8483826634747547,1.7067070118595233,5.048429006251548,17.749659216103392,13.175239376439418
555,0.8538987025014205,1.8465750874427531,1.7296428320991868,5.044524907011625,17.743862148199664,13.177235666897884
556,0.8538987025014205,1.8450502028784033,1.7517404498618463,5.040896642865666,17.739701672982857,13.17847734247102
557,0.8538987025014205,1.8437637989355393,1.7730304977294244,5.037516641544837,17.73704728841815,13.179080818707153
558,0.8538987025014205,1.8426785790160094,1.7935424887988731,5.034360918998434,17.735778377285403,13.179145733305406
559,0.8538987025014205,1.841763079432634,1.813304857594384,5.031408551885838,17.735783345475237,13.178757395936966
560,0.8538987025014205,1.840990757185247,1.8323449994844352,5.028641231001391,17.73695884958848,13.177988872711149
561,0.8538987025014205,1.8403392204017899,1.8506893086583251,5.026042883047704,17.739209103247052,13.176902760690783
562,0.8538987025014205,1.839789579132703,1.8683632147148288,5.023599350137578,17.742445252901252,13.175552699363235
563,0.8538987025014205,1.8393258976762545,1.8853912179137018,5.021298118062444,17.74658481510384,13.173984658788303
564,0.8538987025014205,1.8389347325561176,1.9017969231388996,5.019128085763668,17.75155116824507,13.17223803806875
565,0.8538987025014205,1.8386047427558279,1.917603072620589,5.0170793696230955,17.757273092626686,13.170346602650344
566,0.8538987025014205,1.838326360909672,1.9328315774613194,5.015143137184725,17.76368435351689,13.168339284611704
567,0.8538987025014205,1.838091515916885,1.9475035480100475,5.013311465759407,17.770723322490365,13.16624086642668
568,0.8538987025014205,1.8378933989369204,1.9616393231261307,5.0115772220732095,17.77833263293112,13.164072565569596
569,0.8538987025014205,1.8377262659813296,1.975258498373848,5.009933959718117,17.78645886607369,13.161852534699884
570,0.8538987025014205,1.8375852713787997,1.988379953186538,5.008375831668327,17.79505226439119,13.159596289932274
571,0.8391246010836757,1.8374663272850251,2.001021877038008,5.006897515551215,17.80406646951528,13.157317077810253
572,0.8391246010836757,1.8374535753784964,2.001021875646046,5.006897544254019,17.813092138023062,13.151312909162003
573,0.8391246010836757,1.837442817775448,2.001021874304954,5.006897564727524,17.822099355704314,13.145318664254098
574,0.8391246010836757,1.8374337425816263,2.0010218730128724,5.006897578432669,17.831062325078793,13.139351924501987
575,0.8391246010836757,1.8374260866807226,2.001021871768011,5.00689758659383,17.839958606895937,13.133427972223146
576,0.8391246010836757,1.8374196281058646,2.0010218705686436,5.00689759023618,17.84876877094967,13.1275600328659
577,0.8391246010836757,1.8374141796041505,2.001021869413108,5.006897590217215,17.857476081092294,13.121759492962255
578,0.8391246010836757,1.8374095832076418,2.001021868299802,5.006897587253308,17.866066211161407,13.116036096226601
579,0.8391246010836757,1.8374057056534119,2.0010218672271822,5.006897581942111,17.874526988847364,13.11039811997648
580,0.8391246010836757,1.8374024345198674,2.0010218661937618,5.006897574781439,17.88284816481281,13.104852533832313
581,0.8391246010836757,1.8373996749673172,2.001021865198109,5.006897566185165,17.891021204632615,13.099405142455728
582,0.8391246010836757,1.837397346988292,2.0010218642388424,5.0068975564966465,17.89903910135452,13.094060713909913
583,0.8391246010836757,1.837395383087898,2.001021863314633,5.006897546000014,17.906896206691666,13.088823095066548
584,0.8391246010836757,1.837393726326941,2.001021862424199,5.006897534929689,17.9145880790476,13.083695315342133
585,0.8391246010836757,1.8373923286710938,2.0010218615663065,5.006897523478415,17.92211134674716,13.078679679918496
586,0.8391246010836757,1.8373911495982416,2.001021860739766,5.006897511803993,17.929463585001503,13.073777853487542
587,0.8391246010836757,1.8373901549236262,2.001021859943432,5.006897500034984,17.93664320527697,13.068990935457396
588,0.8391246010836757,1.8373893158087349,2.0010218591762006,5.006897488275481,17.943649355864654,13.064319527464052
589,0.8391246010836757,1.837388607925181,2.0010218584370083,5.006897476609149,17.95048183256259,13.059763793949498
590,0.8391246010836757,1.8373880107493579,2.00102185772483,5.006897465102609,17.957140998487088,13.055323516491919
591,0.8391246010836757,1.837387506967398,2.001021857038679,5.006897453808283,17.963627712123678,13.050998142506396
592,0.8391246010836757,1.837387081973196,2.001021856377603,5.0068974427668005,17.969943262813775,13.046786828873334
593,0.8391246010836757,1.8373867234449306,2.001021855740687,5.006897432009,17.976089312950048,13.042688480997306
594,0.8391246010836757,1.8373864209878237,2.001021855127047,5.006897421557625,17.98206784622346,13.038701787749524
595,0.8391246010836757,1.8373861658327622,2.0010218545358334,5.006897411428743,17.98788112132807,13.034825252702717
596,0.8391246010836757,1.8373859505820571,2.0010218539662254,5.006897401632932,17.993531630586684,13.031057222027158
597,0.8391246010836757,1.8373857689949638,2.0010218534174347,5.006897392176276,17.99902206301225,13.02739590938035
598,0.8391246010836757,1.8373856158067434,2.0010218528887,5.006897383061205,18.004355271366553,13.02383941809041
599,0.8391246010836757,1.837385486576023,2.0010218523792873,5.00689737428719,18.00953424281988,13.02038576090377
600,0.8391246010836757,1.8373853775560278,2.001021851888492,5.006897365851321,18.014562072853945,13.01703287754124
601,0.8184782755626325,1.8373852855859503,2.001021851415633,5.006897357748803,18.019441942084402,13.013778650282836
602,0.8184782755626325,1.8596712241610363,1.9637616222091199,5.006897358092612,18.023325167043893,13.005744966550294
603,0.8184782755626325,1.8784718074469176,1.9278630890783648,5.0068973585513,18.026193511597178,13.000653548600223
604,0.8184782755626325,1.894332119127239,1.8932764880728439,5.006897359099061,18.028039659622692,12.997948088761271
605,0.8184782755626325,1.9077119958455242,1.8599538738936516,5.006897359714487,18.028864967377395,12.997166909445406
606,0.8184782755626325,1.918999359209173,1.8278490534298526,5.006897360379863,18.028678209704974,12.997927466423326
607,0.8184782755626325,1.9285214627670422,1.796917521723784,5.006897361080581,18.02749446570997,12.999913341870583
608,0.8184782755626325,1.936554380043259,1.767116400276544,5.00689736180463,18.02533412974203,13.002863331479547
609,0.8184782755626325,1.9433310087130042,1.738404377608138,5.006897362542182,18.022222034919064,13.006562292421712
610,0.8184782755626325,1.9490478229846486,1.7107416519898908,5.006897363285228,18.018186677668595,13.010833471602847
611,0.8184782755626325,1.953870569959466,1.6840898762697336,5.006897364027291,18.01325953289751,13.015532078024838
612,0.8184782755626325,1.9579390751229935,1.6584121047138818,5.006897364763168,18.00747445042155,13.020539900452334
613,0.8184782755626325,1.9613712962932266,1.6336727417912142,5.006897365488715,18.000867124209172,13.0257608030781
614,0.8184782755626325,1.964266743561428,1.6098374928293557,5.0068973662006755,17.993474626827858,13.03111695841171
615,0.8184782755626325,1.966709364379586,1.5868733164740605,5.006897366896533,17.98533500223453,13.036545698963527
616,0.8184782755626325,1.9687699774416243,1.5647483788859966,5.006897367574373,17.976486910732003,13.041996888116197
617,0.8184782755626325,1.9705083259236644,1.5434320096114305,5.006897368232792,17.9669693205277,13.047430726424746
618,0.8184782755626325,1.9719748096127572,1.522894659065646,5.006897368870802,17.956821240886253,13.052815922930401
619,0.8184782755626325,1.973211946143546,1.5031078575701553,5.006897369487752,17.946081492368048,13.058128172307002
620,0.8184782755626325,1.974255603708371,1.4840441758869143,5.006897370083277,17.934788510098794,13.063348888115202
621,0.8184782755626325,1.9751360409806593,1.4656771871948435,5.006897370657239,17.922980176423092,13.068464150396784
622,0.8184782755626325,1.9758787844020267,1.4479814304559326,5.0068973712096785,17.91069367966372,13.073463832538188
623,0.8184782755626325,1.9765053682681906,1.4309323751201557,5.006897371740791,17.897965396041073,13.078340877965179
624,0.8184782755626325,1.977033959070939,1.4145063871202623,5.006897372250884,17.884830792107163,13.083090701968459
625,0.8184782755626325,1.9774798821976554,1.3986806961093095,5.006897372740361,17.8713243453192,13.08771069794464
626,0.8184782755626325,1.97785606625895,1.383433363895516,5.006897373209694,17.857479480622352,13.092199830686235
627,0.8184782755626325,1.9781734179267456,1.3687432540306843,5.0068973736594105,17.843328521131056,13.096558302169557
628,0.8184782755626325,1.978441138150473,1.3545900025100277,5.0068973740900775,17.828902651196913,13.100787277655058
629,0.8184782755626325,1.9786669889194026,1.3409539895427913,5.006897374502288,17.814231890330277,13.104888661901231
630,0.8184782755626325,1.978857518305326,1.3278163123545315,5.006897374896658,17.799345076603586,13.108864916962014
631,0.810170503745313,1.9790182503102354,1.3151587589833496,5.006897375273806,17.784269858309965,13.112718914437743
632,0.810170503745313,1.9767809506959613,1.2761464057592016,5.006902195599087,17.771071170457443,13.13526540368289
633,0.810170503745313,1.9748935481263132,1.2385597809705111,5.006903436873298,17.759422026837232,13.154585638894902
634,0.810170503745313,1.9733013213019819,1.2023467805680819,5.006901790213291,17.749034419582138,13.171047882221757
635,0.810170503745313,1.9719581069284884,1.1674572046745604,5.0068978325408136,17.739657128252226,13.18497991916931
636,0.810170503745313,1.9708249613077833,1.1338426879954027,5.006892044725886,17.731071739242815,13.196673601612963
637,0.810170503745313,1.969869031246982,1.1014566327730118,5.00688482687948,17.723089065688267,13.20638885640557
638,0.810170503745313,1.9690626015485861,1.0702541441911044,5.006876511241937,17.71554592887268,13.214357226174357
639,0.810170503745313,1.968382291466163,1.0401919681397607,5.0068673730437245,17.708302265895668,13.220785000109474
640,0.810170503745313,1.9678083768283865,1.0112284312548856,5.006857639656193,17.7012385317231,13.225855984976818
641,0.810170503745313,1.9673242181778476,0.9833233831489603,5.006847498300304,17.694253366812497,13.229733960061566
642,0.810170503745313,1.966915778344705,0.9564381407530073,5.006837102539357,17.68726150427225,13.232564854116257
643,0.810170503745313,1.966571215468235,0.9305354346926056,5.006826577746376,17.680191893018524,13.234478677520858
644,0.810170503745313,1.966280539666789,0.9055793576236271,5.006816025706971,17.672986015660662,13.235591238653155
645,0.810170503745313,1.966035323402019,0.8815353144560718,5.006805528493307,17.665596381896194,13.236005669823117
646,0.810170503745313,1.9658284571399889,0.8583699743970011,5.006795151723623,17.657985180051206,13.235813784965046
647,0.810170503745313,1.9656539432250715,0.8360512247460892,5.006784947303776,17.65012307108001,13.235097288538764
648,0.810170503745313,1.9655067219904394,0.8145481263797422,5.006774955732192,17.641988110854804,13.233928852708246
649,0.810170503745313,1.9653825250635828,0.7938308708620745,5.006765208036892,17.633564787948956,13.232373077792426
650,0.810170503745313,1.9652777516137525,0.7738707391232899,5.006755727402455,17.624843165358442,13.230487349176952
651,0.810170503745313,1.9651893639533877,0.7546400616481832,5.00674653053577,17.61581811572794,13.228322602300887
652,0.810170503745313,1.965114799466703,0.7361121801195772,5.006737628811704,17.606488640663223,13.225924005956504
653,0.810170503745313,1.9650518963119916,0.7182614104635197,5.006729029233449,17.596857265628728,13.223331572938182
654,0.810170503745313,1.964998830743534,0.7010630072450165,5.006720735236791,17.586929502758494,13.22058070602399
655,0.810170503745313,1.9649540642358985,0.6844931293649414,5.006712747362977,17.576713374658695,13.217702686350819
656,0.810170503745313,1.964916298877603,0.6685288070105727,5.006705063821033,17.566218992957445,13.214725110434927
657,0.810170503745313,1.9648844397408853,0.6531479098139398,5.006697680957012,17.555458185970167,13.211672281378496
658,0.810170503745313,1.9648575631365521,0.6383291161738419,5.006690593645012,17.544444170402492,13.208565559177496
659,0.810170503745313,1.9648348898335408,0.6240518836990107,5.006683795612406,17.53319126251256,13.205423674495623
660,0.810170503745313,1.96481576246674,0.6102964207314443,5.006677279709788,17.521714624606865,13.20226300978341
661,0.8127475472465944,1.9647996264780594,0.5970436589104371,5.0066710381344794,17.51003004315195,13.199097851193322
662,0.8127475472465944,1.916323612602056,0.5782413168524967,5.006592633567083,17.50434492730897,13.246941624096344
663,0.8127475472465944,1.8754288872947624,0.5601261169818316,5.006515132958179,17.503868080914174,13.281739523340887
664,0.8127475472465944,1.8409297933255937,0.5426729472999434,5.006438923113873,17.50788741160234,13.30547001900795
665,0.8127475472465944,1.8118261014496813,0.5258576135404711,5.006364305784755,17.515767999862362,13.319827729716193
666,0.8127475472465944,1.7872740108479677,0.5096568056301534,5.006291512110162,17.526944363694486,13.326264725467537
667,0.8127475472465944,1.766561684883108,0.49404806537549395,5.006220714750335,17.540913474978726,13.32602568696013
668,0.8127475472465944,1.7490886128814649,0.47900975533033463,5.0061520380705655,17.557228455449856,13.320177851373355
669,0.8127475472465944,1.7343481995791359,0.46452102880118185,5.006085566684306,17.57549288705024,13.309636532138938
670,0.8127475472465944,1.7219130774493203,0.45056180094870474,5.006021352614178,17.595355677653902,13.295186879724625
671,0.8127475472465944,1.7114227160726154,0.43711272094534515,5.005959421289135,17.61650642878596,13.277502448556636
672,0.8127475472465944,1.7025729693097744,0.4241551451504439,5.0058997765618525,17.63867125705641,13.25716104901332
673,0.8127475472465944,1.6951072572190233,0.41167111126569733,5.005842404901525,17.66160902563798,13.234658290498999
674,0.8127475472465944,1.6888091270560202,0.39964331343511644,5.005787278892878,17.68510794628919,13.210419159899798
675,0.8127475472465944,1.6834959776781784,0.3880550782549727,5.005734360151673,17.70898251619863,13.184807927495347
676,0.8127475472465944,1.6790137654055426,0.37689034166047386,5.005683601749643,17.73307075734174,13.158136628185806
677,0.8127475472465944,1.6752325378457174,0.36613362665712884,5.0056349502272,17.757231729131323,13.13067232845414
678,0.8127475472465944,1.672042666195401,0.3557700218659332,5.0055883472599065,17.781343287938952,13.102643357772523
679,0.8127475472465944,1.669351666781982,0.34578516085263156,5.005543731034327,17.805300069593713,13.074244656295718
680,0.8127475472465944,1.6670815196924267,0.3361652022124057,5.005501037380114,17.829011673253067,13.04564236791639
681,0.8127475472465944,1.6651664067486938,0.3268968103823769,5.005460200697764,17.85240102711093,13.01697778845582
682,0.8127475472465944,1.6635508032469961,0.31796713715532793,5.005421154715282,17.875402918280727,12.988370762396709
683,0.8127475472465944,1.6621878681348716,0.3093638038690153,5.0053838331017095,17.897962670885462,12.959922607680161
684,0.8127475472465944,1.661038085952604,0.3010748842463834,5.005348169961075,17.920034957919423,12.931718636306705
685,0.8127475472465944,1.6600681211649186,0.2930888878628936,5.0053141002265376,17.94158273383247,12.903830328478993
686,0.8127475472465944,1.6592498516666965,0.2853947442180476,5.005281559971406,17.96257627604168,12.876317209528734
687,0.8127475472465944,1.6585595534412125,0.2779817873890269,5.005250486651023,17.982992324709645,12.849228471652795
688,0.8127475472465944,1.6579772127317745,0.27083974124517385,5.005220819287273,18.002813311154377,12.822604376348226
689,0.8127475472465944,1.6574859457846067,0.26395870520281717,5.005192498605616,18.022026666183777,12.796477468217807
690,0.8127475472465944,1.6570715093396389,0.25732914050069544,5.005165467132906,18.040624200486757,12.77087362637812
691,0.3250784780319878,1.6567218876769003,0.2509418569769537,5.005139669262994,18.058601549972252,12.745812975922297
692,0.3250784780319878,1.5196798182636477,0.2417710453859937,5.0051351973537335,18.04580580516593,12.40447943073126
693,0.3250784780319878,1.4040701107795874,0.23293538627318172,5.005130933401878,18.006057996174587,12.071184897428502
694,0.3250784780319878,1.306540902983945,0.224422631302316,5.005126867736774,17.942815667162936,11.747256970649142
695,0.3250784780319878,1.2242645389981872,0.2162209797595443,5.005122991137482,17.859179192460946,11.433626503581005
696,0.3250784780319878,1.1548555873239241,0.2083190621947529,5.005119294811867,17.757926647190768,11.130905782603064
697,0.3250784780319878,1.0963016802339833,0.20070592466079015,5.005115770376656,17.64154533212259,10.839453002765188
698,0.3250784780319878,1.0469051693691076,0.1933710135286765,5.005112409838414,17.51226027199447,10.559425324728712
699,0.3250784780319878,1.005233905966037,0.18630416085775145,5.005109205575438,17.372059976126693,10.290822424033806
700,0.3250784780319878,0.9700797186924003,0.17949557030047644,5.005106150320449,17.222719722650208,10.03352213287437
701,0.3250784780319878,0.9404233852398647,0.17293580352235474,5.005103237144123,17.065822602776954,9.787309513589898
702,0.3250784780319878,0.9154050820999835,0.1666157671181432,5.005100459439369,16.902778539017195,9.551900483943996
703,0.3250784780319878,0.894299455775652,0.16052670000621816,5.005097810906347,16.73484147087073,9.326960930311882
704,0.3250784780319878,0.8764945926699591,0.1546601612836216,5.005095285538175,16.563124883080217,9.11212209055358
705,0.3250784780319878,0.861474277928245,0.1490080185249512,5.005092877607313,16.388615834851592,8.906992858896055
706,0.3250784780319878,0.8488030288655092,0.14356243650887449,5.005090581652571,16.212187633351792,8.711169556622167
707,0.3250784780319878,0.8381134690546229,0.13831586635663812,5.005088392466714,16.034611281135916,8.524243621429042
708,0.3250784780319878,0.8290956770133827,0.13326103506751755,5.005086305084668,15.856565814798701,8.345807592163418
709,0.3250784780319878,0.8214882006778055,0.12839093543669847,5.005084314772245,15.678647640963952,8.17545970190227
710,0.3250784780319878,0.8150704771450716,0.12369881634161581,5.005082417015409,15.501378965609337,8.012807339033772
711,0.3250784780319878,0.8096564379123776,0.1191781733832834,5.005080607510047,15.325215403570837,7.85746959143228
712,0.3250784780319878,0.8050891142089421,0.11482273986964188,5.005078882152194,15.150552846789438,7.709079051603214
713,0.3250784780319878,0.8012360860140242,0.11062647812842503,5.005077237028736,14.977733662369872,7.56728302961609
714,0.3250784780319878,0.7979856428147242,0.10658357113750237,5.005075668408528,14.807052284741676,7.431744294749974
715,0.3250784780319878,0.795243544792755,0.1026884144610955,5.005074172733938,14.638760260079215,7.302141445209281
716,0.3250784780319878,0.7929302905375488,0.09893560848069023,5.00507274661277,14.473070795587562,7.1781689873253995
717,0.3250784780319878,0.7909788120687424,0.09531995090987405,5.005071386810581,14.310162861240304,7.059537190751173
718,0.3250784780319878,0.7893325303400286,0.0918364295827234,5.0050700902433345,14.150184887012433,6.945971773783735
719,0.3250784780319878,0.7879437148477654,0.08848021550574312,5.005068853970412,13.993258094541623,6.837213462701157
720,0.3250784780319878,0.7867720997846148,0.08524665616372697,5.005067675187946,13.83947949843257,6.733017460519867
721,0.472570481659403,0.7857837166164776,0.08213126907025897,5.005066551222455,13.688924609054924,6.6331528535797695
722,0.472570481659403,0.8536067328326854,0.07912973555391555,5.005066551183374,13.54783080090451,6.60973467328897
723,0.472570481659403,0.9108227329924444,0.07623789477155418,5.0050665511483325,13.415452594795983,6.5946769493203865
724,0.472570481659403,0.9590905756352086,0.07345173794039,5.005066551116793,13.291104970997965,6.586344982557055
725,0.472570481659403,0.9998096861441818,0.0707674027808644,5.005066551088301,13.174163732850941,6.583386981099264
726,0.472570481659403,1.0341606301653046,0.06818116816260184,5.0050665510624635,13.064059848340023,6.584687347861364
727,0.472570481659403,1.0631393416448272,0.06568944894603365,5.005066551038953,12.960274326379336,6.589327504430543
728,0.472570481659403,1.0875859978559927,0.06328879101253718,5.005066551017484,12.862333577028885,6.5965530507403445
729,0.472570481659403,1.1082093785859906,0.06097586647620157,5.005066550997813,12.76980520969398,6.605746249926067
730,0.472570481659403,1.1256074157269627,0.05874746907058207,5.005066550979731,12.682294227727544,6.616402987660894
731,0.472570481659403,1.1402845290635923,0.056600509704048264,5.005066550963059,12.599439581809516,6.628113490012697
732,0.472570481659403,1.1526662508722534,0.054532012177564274,5.005066550947644,12.520911048055773,6.640546197368638
733,0.472570481659403,1.1631115633414617,0.052539109058965326,5.005066550933351,12.446406400046419,6.653434287584242
734,0.472570481659403,1.1719233065113877,0.05061903770801123,5.005066550920064,12.375648846892789,6.666564422037965
735,0.472570481659403,1.1793569584889263,0.0487691364467063,5.005066550907684,12.308384712113236,6.679767356084226
736,0.472570481659403,1.1856280425023324,0.046986840869577294,5.005066550896123,12.24438133048659,6.692910112495638
737,0.472570481659403,1.1909183755475203,0.04526968028879428,5.005066550885305,12.183425142222257,6.705889464555859
738,0.472570481659403,1.1953813397924855,0.04361527430920652,5.005066550875163,12.125319965750133,6.718626515928377
739,0.472570481659403,1.1991463295732248,0.04202132952854562,5.005066550865638,12.069885432210333,6.731062198482056
740,0.472570481659403,1.2023225029125166,0.04048563635822158,5.00506655085668,12.01695556633088,6.743153537911307
741,0.472570481659403,1.2050019463290262,0.039006065960304794,5.005066550848238,11.966377499836645,6.754870561098092
742,0.472570481659403,1.2072623446937696,0.037580567296447515,5.005066550840279,11.918010304849167,6.7661937394427865
743,0.472570481659403,1.2091692335408535,0.03620716428465436,5.0050665508327645,11.87172393592872,6.777111879445011
744,0.472570481659403,1.2107778991335423,0.0348839530599602,5.005066550825661,11.827398270487798,6.78762038615398
745,0.472570481659403,1.2121349813741031,0.033609099335218016,5.005066550818941,11.784922238280844,6.79771983715998
746,0.472570481659403,1.2132798260304543,0.03238083585833839,5.005066550812578,11.744193031557785,6.80741481492588
747,0.472570481659403,1.2142456254846081,0.031197459962455473,5.005066550806548,11.705115388267634,6.81671295376493
748,0.472570481659403,1.2150603810765297,0.03005733120562367,5.005066550800831,11.667600941421302,6.825624164915517
749,0.472570481659403,1.215747714944563,0.0289588690967728,5.005066550795405,11.631567628376885,6.834160009160986
750,0.472570481659403,1.216327554900041,0.02790055090476959,5.0050665507902545,11.596939154402351,6.842333191475341
751,0.5235648933972665,1.2168167121925966,0.02688090954754822,5.0050665507853624,11.563644505406495,6.850157156397417
752,0.5235648933972665,1.2168116390442478,0.0681359007658115,4.999778418956373,11.533478562953404,6.870318752117203
753,0.5235648933972665,1.216807359298626,0.10788320507919885,4.999661696297365,11.506266561470307,6.8849081324350845
754,0.5235648933972665,1.2168037488734358,0.1461779217553627,5.003705585704658,11.481862459946326,6.895080350537713
755,0.5235648933972665,1.2168007030919334,0.1830731364281659,5.011066766111036,11.460143186681776,6.901777796183686
756,0.5235648933972665,1.2167981336480387,0.2186199946870633,5.021042763587051,11.441002580155121,6.905766813208173
757,0.5235648933972665,1.2167959660460876,0.2528677729771182,5.033049507321043,11.424346654793887,6.907668253946547
758,0.5235648933972665,1.2167941374409845,0.28586394690793737,5.046602415049165,11.410089941200619,6.907982951654674
759,0.5235648933972665,1.2167925948161393,0.31765425706621786,5.061300455054752,11.398152694024702,6.907112935402281
760,0.5235648933972665,1.2167912934463638,0.34828277242313704,5.076812718364761,11.388458797043908,6.905379080109253
761,0.5235648933972665,1.2167901956011566,0.3777919514244839,5.092867107748084,11.380934225304268,6.903035773476336
762,0.5235648933972665,1.2167892694507871,0.40622270084821704,5.109240811682688,11.37550594935494,6.900283088238174
763,0.5235648933972665,1.2167884881434572,0.4336144325110399,5.12575228339112,11.372101187537487,6.897276869662944
764,0.5235648933972665,1.2167878290267915,0.46000511790260273,5.142254488852871,11.37064692964594,6.894137082199655
765,0.5235648933972665,1.2167872729910771,0.4854313408230658,5.158629224658058,11.371069669651027,6.890954703660002
766,0.5235648933972665,1.2167868039152197,0.5099283480969947,5.174782337741702,11.373295297070632,6.887797408655978
767,0.5235648933972665,1.2167864081993425,0.5335300984338867,5.190639705335721,11.377249106382495,6.884714243796919
768,0.5235648933972665,1.2167860743704897,0.5562693095030613,5.206143855659343,11.382855891958458,6.881739464201443
769,0.5235648933972665,1.2167857927499903,0.578177503288174,5.221251128581686,11.390040102643429,6.878895673207393
770,0.5235648933972665,1.216785555172846,0.5992850497842217,5.2359292912752995,11.398726035548071,6.876196383929216
771,0.5235648933972665,1.2167853547510024,0.6196212090976183,5.250155537194751,11.408838053075273,6.873648101812926
772,0.5235648933972665,1.2167851856736465,0.639214172007698,5.263914807945982,11.420300810826578,6.871252010979575
773,0.5235648933972665,1.2167850430387337,0.6580910990458767,5.277198387086206,11.433039486977194,6.869005333429968
774,0.5235648933972665,1.216784922710862,0.6762781581466416,5.290002722885437,11.44698000608628,6.866902418684625
775,0.5235648933972665,1.2167848212013759,0.6938005609225668,5.302328443821219,11.462049252219822,6.864935611799944
776,0.5235648933972665,1.2167847355672194,0.7106825976136356,5.314179536263626,11.478175267791585,6.863095939635656
777,0.5235648933972665,1.2167846633256092,0.7269476707593215,5.325562658602818,11.495287435739035,6.861373648499265
778,0.5235648933972665,1.2167846023820503,0.7426183276401036,5.3364865701160795,11.513316643604773,6.859758620648953
779,0.5235648933972665,1.2167845509696114,0.7577162915333885,5.346961656282352,11.532195428836202,6.858240692419816
780,0.5235648933972665,1.2167845075976962,0.7722624918271669,5.356999535129167,11.551858105186568,6.856809892799945
